{
  "2AMCLUB|380MILLERAVEMILLVALLEYCA": [
    37.8972528,
    -122.5371887
  ],
  "5STARBURGER|1015REDWOODSTVALLEJOCA": [
    38.1222346,
    -122.2514294
  ],
  "ACMEBURGERPETALUMA|330WESTERNAVEPETALUMACA": [
    38.2330891,
    -122.6438719
  ],
  "ALIBERTOSJRFRESHMEXICAN|991REDWOODSTVALLEJOCA": [
    38.1222617,
    -122.2521888
  ],
  "ANDIESCAFE|1042FREEWAYDRNAPACA": [
    38.2991567,
    -122.3045412
  ],
  "ANGELOSMEAT|23400ARNOLDDRSONOMACA": [
    38.22995,
    -122.4588353
  ],
  "AURORANOVATO|8COMMERCIALBLVDNOVATOCA": [
    38.0684145,
    -122.5337224
  ],
  "BIGDBURGER|1005SILVERADOTRLNAPACA": [
    38.3013232,
    -122.2763026
  ],
  "BUDSBURGERS|3849SONOMABLVDVALLEJOCA": [
    38.1264181,
    -122.2559134
  ],
  "CAFEBELLINI|100SMCDOWELLBLVDPETALUMACA": [
    38.249048,
    -122.625761
  ],
  "CAFEMIMOSA|417NMCDOWELLBLVDPETALUMACA": [
    38.2557225,
    -122.6377314
  ],
  "CARMENSLAHACIENDARESTAURANT|1401GRANTAVENOVATOCA": [
    38.108312,
    -122.574523
  ],
  "CARMENSLAHACIENDA|715CENTERBLVDFAIRFAXCA": [
    37.9864619,
    -122.5851824
  ],
  "CARNITASELRINCONVALLEJO|818TENNESSEESTVALLEJOCA": [
    38.1100062,
    -122.2493444
  ],
  "CHICKENEXPRESS|1075REDWOODSTVALLEJOCA": [
    38.1223291,
    -122.2499764
  ],
  "CORDEIROSBARANDGRILL|2025MONTICELLORDNAPACA": [
    38.3384285,
    -122.2593916
  ],
  "DAIKONKOREANBBQVALLEJO|124PLAZADRVALLEJOCA": [
    38.1338616,
    -122.2172021
  ],
  "DITAS|562BRIDGEWAYSAUSALITOCA": [
    37.8537349,
    -122.4790475
  ],
  "DOWNTOWNJOES|902MAINSTNAPACA": [
    38.502779,
    -122.4660022
  ],
  "EGGSPRESSO|173NMCDOWELLBLVDPETALUMACA": [
    38.2512251,
    -122.629643
  ],
  "ELREYMEXICANBARANDGRILL|9407THSTNOVATOCA": [
    38.1065418,
    -122.578634
  ],
  "EMMYLOUSDINER|1429WIMOLAAVENAPACA": [
    38.2817779,
    -122.2909685
  ],
  "EXTREMEPIZZA|7034THSTSANRAFAELCA": [
    37.9725855,
    -122.5227757
  ],
  "EXTREMEPIZZA|3100LAKEVILLEHWYPETALUMACA": [
    38.2338065,
    -122.5995516
  ],
  "EXTREMEPIZZANOVATO|104VINTAGEWAYNOVATOCA": [
    38.0913794,
    -122.5536235
  ],
  "FARMHOUSE|18999SONOMAHWYSONOMACA": [
    38.3030211,
    -122.4760337
  ],
  "FAZERRATISPIZZARESTAURANT|1517WIMOLAAVENAPACA": [
    38.2818334,
    -122.2916218
  ],
  "FILIPPISPIZZAGROTTO|6451STSTNAPACA": [
    38.3008969,
    -122.2816674
  ],
  "FIREWINGS|137PLAZADRVALLEJOCA": [
    38.1318771,
    -122.2156927
  ],
  "FLAMINGORESTAURANTANDBANQUET|910LINCOLNRDEVALLEJOCA": [
    38.1037335,
    -122.2294497
  ],
  "FOSTERFREEZE|1195WIMOLAAVENAPACA": [
    38.279847,
    -122.2584912
  ],
  "FRIDASMEXICANGRILL|1533TRANCASSTNAPACA": [
    38.3221373,
    -122.3033271
  ],
  "FUSIONPIZZA|414GEORGIASTVALLEJOCA": [
    38.1011964,
    -122.2562859
  ],
  "GENOVADELI|1550TRANCASSTNAPACA": [
    38.3223029,
    -122.3033467
  ],
  "HANKSPETALUMA|151PETALUMABLVDSPETALUMACA": [
    38.2329851,
    -122.6374613
  ],
  "HIDEAWAYPETALUMA|128KENTUCKYSTPETALUMACA": [
    38.2343167,
    -122.6413471
  ],
  "HOPCREEK|3253BROWNSVALLEYRDNAPACA": [
    38.3041333,
    -122.328868
  ],
  "JACOBSPIZZERIA|1266BROADWAYSONOMACA": [
    38.278186,
    -122.459356
  ],
  "JOESTACOLOUNGE|382MILLERAVEMILLVALLEYCA": [
    37.8972018,
    -122.5371028
  ],
  "JULIESHUMMASBARANDGRILL|1026COURTSTSANRAFAELCA": [
    37.9733457,
    -122.526911
  ],
  "LLHAWAIIANBARBECUE|7320REDWOODBLVDNOVATOCA": [
    38.1062596,
    -122.5705511
  ],
  "LAAZTECATAQUERIA|1420SMCDOWELLBLVDPETALUMACA": [
    38.2358022,
    -122.6022171
  ],
  "LACUCHARAVALLEJO|105COUCHSTVALLEJOCA": [
    38.1153556,
    -122.2537127
  ],
  "LAMAISONDELAREINE|807GRANTAVENOVATOCA": [
    38.1069111,
    -122.5667498
  ],
  "LECROISSANTCAFE|150BELLAMBLVDSANRAFAELCA": [
    37.961095,
    -122.503057
  ],
  "LEFTBANKFSD|507MAGNOLIAAVELARKSPURCA": [
    37.9207443,
    -122.5304208
  ],
  "LOCHLOMONDYACHTCLUB|95LOCHLOMONDDRSANRAFAELCA": [
    37.9732657,
    -122.4828454
  ],
  "LOSMOLCAJETESSONOMA|19101SONOMAHWYSONOMACA": [
    38.3004283,
    -122.4750474
  ],
  "LUCCHESISDELI|301SMCDOWELLBLVDPETALUMACA": [
    38.2485173,
    -122.6238273
  ],
  "LUMBERJACKS|732EWASHINGTONSTPETALUMACA": [
    38.2416835,
    -122.6323573
  ],
  "MGBURGERS|989MAGNOLIAAVELARKSPURCA": [
    37.946059,
    -122.5454526
  ],
  "MANDGBURGERS|2017SIRFRANCISDRAKEBLVDFAIRFAXCA": [
    37.9893637,
    -122.5912606
  ],
  "MARYSSLICESHACK|19327SONOMAHWYSONOMACA": [
    38.4495877,
    -122.6142267
  ],
  "MARYSPIZZA|18636SONOMAHWYBOYESHOTSPRINGSCA": [
    38.3079034,
    -122.4786313
  ],
  "MARYSPIZZA2|8WSPAINSTSONOMACA": [
    38.2938901,
    -122.458756
  ],
  "MARYSPIZZASHACK|423NMCDOWELLBLVDPETALUMACA": [
    38.2556019,
    -122.6375189
  ],
  "MARYSSLICESHACK|14WSPAINSTSONOMACA": [
    38.2938924,
    -122.4587802
  ],
  "MCNEARSRESTAURANT|23PETALUMABLVDNPETALUMACA": [
    38.2334339,
    -122.6396143
  ],
  "MIJALISCORESTAURANTE|1400TENNESSEESTVALLEJOCA": [
    38.109886,
    -122.240595
  ],
  "MIPUEBLOELCENTRO|108KENTUCKYSTPETALUMACA": [
    38.2340679,
    -122.6411756
  ],
  "MIPUEBLOMARIN|5800NORTHGATEDRSANRAFAELCA": [
    38.0047935,
    -122.5446607
  ],
  "MIPUEBLONOVATO|905GRANTAVENOVATOCA": [
    38.1072894,
    -122.5691332
  ],
  "MIPUEBLORESTAURANT|800PETALUMABLVDNPETALUMACA": [
    38.2430442,
    -122.6439311
  ],
  "MIPUEBLOTAQUERIA|208SIRFRANCISDRAKEBLVDSANANSELMOCA": [
    37.9743897,
    -122.5617224
  ],
  "MICHAELSSOURDOUGHSANDWICHES|42DIGITALDRNOVATOCA": [
    38.0707813,
    -122.531113
  ],
  "MOOSELODGE|337NEBRASKASTVALLEJOCA": [
    38.1138261,
    -122.2539859
  ],
  "MRMOMSCAFE|931PETALUMABLVDSPETALUMACA": [
    38.2285034,
    -122.6258969
  ],
  "MRPICKLESSANWICHSHOP|1014COURTSTSANRAFAELCA": [
    37.9732535,
    -122.5269259
  ],
  "NAPANOODLES|11241STSTNAPACA": [
    38.2988479,
    -122.2863489
  ],
  "NAPOLIPIZZERIA|124TENNESSEESTVALLEJOCA": [
    38.1101676,
    -122.260627
  ],
  "NEWYORKPIZZAKITCHEN|657TRANCASSTNAPACA": [
    38.3216717,
    -122.3069578
  ],
  "NICKTHEGREEK|441NMCDOWELLBLVDPETALUMACA": [
    38.2552402,
    -122.6368814
  ],
  "NICKTHEGREEK|165PLAZADRVALLEJOCA": [
    38.1323578,
    -122.218988
  ],
  "NICKTHEGREEKGREENBRAE|300BONAIRCTRGREENBRAECA": [
    37.946102,
    -122.5239501
  ],
  "NICKTHEGREEKNOVATO|128VINTAGEWAYNOVATOCA": [
    38.0914662,
    -122.556108
  ],
  "NONAMEBAR|757BRIDGEWAYSAUSALITOCA": [
    37.856668,
    -122.4803291
  ],
  "OHANAHAWAIIANBBQ|205SMCDOWELLBLVDPETALUMACA": [
    38.2491738,
    -122.6247662
  ],
  "OLDCHICAGOPIZZA|1390NMCDOWELLBLVDPETALUMACA": [
    38.2753773,
    -122.6674063
  ],
  "OLDCHICAGOPIZZA|41PETALUMABLVDNPETALUMACA": [
    38.2335626,
    -122.6403776
  ],
  "PARADISESUSHI|20EWASHINGTONSTPETALUMACA": [
    38.2359941,
    -122.6398575
  ],
  "PHO1NOODLE|3885SONOMABLVDVALLEJOCA": [
    38.1267246,
    -122.2559438
  ],
  "PHOVALLEJONOODLEHOUSE|908ADMIRALCALLAGHANLNVALLEJOCA": [
    38.1309088,
    -122.225047
  ],
  "PKOBOLEVARDCAFE|1096PETALUMABLVDNPETALUMACA": [
    38.246347,
    -122.6448288
  ],
  "PLAZATEQUILATAQUERIABARANDGRIL|600EWASHINGTONSTPETALUMACA": [
    38.2399992,
    -122.6337252
  ],
  "QUIOTE|121KENTUCKYSTPETALUMACA": [
    38.2341321,
    -122.6414775
  ],
  "RAMEN101VALLEJO|966ADMIRALCALLAGHANLNVALLEJOCA": [
    38.1339004,
    -122.221489
  ],
  "RANCHWATER|7114THSTSANRAFAELCA": [
    37.972469,
    -122.5231535
  ],
  "ROASTHAUSFSD|1545SNOVATOBLVDNOVATOCA": [
    38.098344,
    -122.5711893
  ],
  "ROCCOSPIZZA|711EBLITHEDALEAVEMILLVALLEYCA": [
    37.9023088,
    -122.5262649
  ],
  "SABORAMEXICO|15594THSTSANRAFAELCA": [
    37.9737823,
    -122.5354911
  ],
  "SCOMAS|588BRIDGEWAYSAUSALITOCA": [
    37.853996,
    -122.4786705
  ],
  "SHEDCOUNTRYSTOREBBQ|3100GOLDENGATEDRNAPACA": [
    38.259724,
    -122.306535
  ],
  "SHOWDECARNESBRAZILIANSTEAKHOUSE|196DONAHUESTSAUSALITOCA": [
    37.8736637,
    -122.509065
  ],
  "SIMMERVIETNAMESEKITCHEN|299NMCDOWELLBLVDPETALUMACA": [
    38.2519369,
    -122.631022
  ],